Link Name,Center of Mass X,Center of Mass Y,Center of Mass Z,Center of Mass Roll,Center of Mass Pitch,Center of Mass Yaw,Mass,Moment Ixx,Moment Ixy,Moment Ixz,Moment Iyy,Moment Iyz,Moment Izz,Visual X,Visual Y,Visual Z,Visual Roll,Visual Pitch,Visual Yaw,Mesh Filename,Color Red,Color Green,Color Blue,Color Alpha,Collision X,Collision Y,Collision Z,Collision Roll,Collision Pitch,Collision Yaw,Collision Mesh Filename,Material Name,SW Components,Coordinate System,Axis Name,Joint Name,Joint Type,Joint Origin X,Joint Origin Y,Joint Origin Z,Joint Origin Roll,Joint Origin Pitch,Joint Origin Yaw,Parent,Joint Axis X,Joint Axis Y,Joint Axis Z,Limit Effort,Limit Velocity,Limit Lower,Limit Upper,Calibration rising,Calibration falling,Dynamics Damping,Dynamics Friction,Safety Soft Upper,Safety Soft Lower,Safety K Position,Safety K Velocity
base_link,-0.026382,-0.0012728,0.5966,0,0,0,15.491,0.13933,-3.1833E-06,-7.9787E-05,0.090681,-1.7144E-05,0.074444,0,0,0,0,0,0,package://r1urdfv20/meshes/base_link.STL,0.6,0.6,0.6,1,0,0,0,0,0,0,package://r1urdfv20/meshes/base_link.STL,,复件 复件 static-1/复件 11_R1底盘板^复件 复件 static-1;复件 复件 static-1/复件 11_R1底盘上盖板^复件 复件 static-1;复件 复件 static-1/复件 11_R1底盘配重块^复件 复件 static-1;复件 复件 static-1/复件 EE_VCU^复件 复件 static-1;复件 复件 static-1/复件 EE_VCU转接板^复件 复件 static-1;复件 复件 static-1/复件 EE_VCU转接板PCB_B_step_MODEL-7^复件 复件 static-1;复件 复件 static-1/复件 复件 EE_FOC驱动器_stp^复件 复件 static-1;复件 复件 static-1/复件 复件 EE_FOC驱动器_stp^复件 复件 static-2;复件 复件 static-1/复件 复件 EE_FOC驱动器_stp^复件 复件 static-3;复件 复件 static-1/复件 复件 EE_电源集成板^复件 复件 static-1;复件 复件 static-1/复件 复件 EE_电池_20240410-1^复件 复件 static-1;复件 复件 static-1/复件 复件 11_FOC驱动器安装板2^复件 复件 static-1;复件 复件 static-1/复件 复件 11_FOC驱动器安装板2^复件 复件 static-2;复件 复件 static-1/复件 复件 11_DLCU安装板1^复件 复件 static-1;复件 复件 static-1/复件 复件 11_电池限位板3^复件 复件 static-1;复件 复件 static-1/复件 复件 11_电池限位板3^复件 复件 static-2;复件 复件 static-1/复件 复件 11_电池限位板3^复件 复件 static-3;复件 复件 static-1/复件 复件 11_电池限位板3^复件 复件 static-4;复件 复件 static-1/复件 复件 11_电池限位板4^复件 复件 static-1;复件 复件 static-1/复件 复件 EE_遥控器接收器^复件 复件 static-1;复件 复件 static-1/复件 复件 11_电源板安装板1^复件 复件 static-1;复件 复件 static-1/复件 EE_转向电机上盖板^复件 复件 static-1;复件 复件 static-1/复件 EE_转向电机定子_MODEL-0^复件 复件 static-1;复件 复件 static-1/复件 EE_转向电机定子_MODEL-1^复件 复件 static-1;复件 复件 static-1/复件 复件 11_R1转向电机支撑板^复件 复件 static-1;复件 复件 static-1/复件 复件 11_R1驱动支撑转接件2^复件 复件 static-1;复件 复件 static-1/复件 (2) EE_转向电机上盖板^复件 复件 static-1;复件 复件 static-1/复件 EE_转向电机定子3_MODEL-3^复件 复件 static-1;复件 复件 static-1/复件 EE_转向电机定子3_MODEL-4^复件 复件 static-1;复件 复件 static-1/复件 (2) 复件 11_R1转向电机支撑板^复件 复件 static-1;复件 复件 static-1/复件 (2) 复件 11_R1驱动支撑转接件2^复件 复件 static-1;复件 复件 static-1/复件 (3) EE_转向电机上盖板^复件 复件 static-1;复件 复件 static-1/复件 EE_转向电机定子2_MODEL-5^复件 复件 static-1;复件 复件 static-1/复件 EE_转向电机定子2_MODEL-6^复件 复件 static-1;复件 复件 static-1/复件 (3) 复件 11_R1转向电机支撑板^复件 复件 static-1;复件 复件 static-1/复件 (3) 复件 11_R1驱动支撑转接件2^复件 复件 static-1;复件 复件 static-1/复件 EE_接口_48-M_stp^复件 复件 static-1;复件 复件 static-1/复件 EE_接口_32-L R_stp^复件 复件 static-1;复件 复件 static-1/复件 EE_ECU模块-8^复件 复件 static-1;复件 复件 static-1/复件 EE_ECU模块-9^复件 复件 static-1;复件 复件 static-1/复件 EE_ECU模块-10^复件 复件 static-1;复件 复件 static-1/复件 EE_ECU模块-11^复件 复件 static-1;复件 复件 static-1/复件 EE_ECU模块-12^复件 复件 static-1;复件 复件 static-1/复件 EE_ECU模块-13^复件 复件 static-1;复件 复件 static-1/复件 EE_ECU模块-14^复件 复件 static-1;复件 复件 static-1/复件 EE_ECU模块-15^复件 复件 static-1;复件 复件 static-1/复件 EE_ECU模块-17^复件 复件 static-1;复件 复件 static-1/复件 EE_ECU模块-18^复件 复件 static-1;复件 复件 static-1/复件 EE_ECU模块-19^复件 复件 static-1;复件 复件 static-1/复件 EE_ECU模块-20^复件 复件 static-1;复件 复件 static-1/复件 EE_ECU模块-21^复件 复件 static-1;复件 复件 static-1/复件 EE_ECU模块-22^复件 复件 static-1;复件 复件 static-1/复件 EE_ECU模块-23^复件 复件 static-1;复件 复件 static-1/复件 EE_ECU模块-24^复件 复件 static-1;复件 复件 static-1/复件 EE_ECU模块-25^复件 复件 static-1;复件 复件 static-1/复件 EE_ECU模块-26^复件 复件 static-1;复件 复件 static-1/复件 EE_ECU模块-27^复件 复件 static-1;复件 复件 static-1/复件 EE_ECU模块-28^复件 复件 static-1;复件 复件 static-1/复件 EE_ECU模块-29^复件 复件 static-1;复件 复件 static-1/复件 EE_ECU模块-30^复件 复件 static-1;复件 复件 static-1/复件 EE_ECU模块-31^复件 复件 static-1;复件 复件 static-1/复件 EE_ECU模块-32^复件 复件 static-1;复件 复件 static-1/复件 EE_ECU模块-33^复件 复件 static-1;复件 复件 static-1/复件 EE_ECU模块-34^复件 复件 static-1;复件 复件 static-1/复件 EE_ECU模块-35^复件 复件 static-1;复件 复件 static-1/复件 EE_ECU模块-36^复件 复件 static-1;复件 复件 static-1/复件 EE_ECU模块-37^复件 复件 static-1;复件 复件 static-1/复件 EE_ECU模块-38^复件 复件 static-1;复件 复件 static-1/复件 EE_ECU模块-39^复件 复件 static-1;复件 复件 static-1/复件 EE_ECU模块-40^复件 复件 static-1;复件 复件 static-1/复件 EE_ECU模块-41^复件 复件 static-1;复件 复件 static-1/复件 EE_ECU模块-42^复件 复件 static-1;复件 复件 static-1/复件 EE_ECU模块-43^复件 复件 static-1;复件 复件 static-1/复件 EE_ECU模块-44^复件 复件 static-1;复件 复件 static-1/复件 EE_ECU模块-45^复件 复件 static-1;复件 复件 static-1/复件 EE_ECU模块-46^复件 复件 static-1;复件 复件 static-1/复件 EE_ECU模块-47^复件 复件 static-1;复件 复件 static-1/复件 EE_ECU模块-48^复件 复件 static-1;复件 复件 static-1/复件 EE_ECU模块-49^复件 复件 static-1;复件 复件 static-1/复件 EE_ECU模块-50^复件 复件 static-1;复件 复件 static-1/复件 EE_ECU模块-51^复件 复件 static-1;复件 复件 static-1/复件 EE_ECU模块-52^复件 复件 static-1;复件 复件 static-1/复件 EE_ECU模块-53^复件 复件 static-1;复件 复件 static-1/复件 EE_ECU模块-54^复件 复件 static-1;复件 复件 static-1/复件 EE_ECU模块-55^复件 复件 static-1;复件 复件 static-1/复件 EE_ECU模块-56^复件 复件 static-1;复件 复件 static-1/复件 EE_ECU模块-57^复件 复件 static-1;复件 复件 static-1/复件 EE_ECU模块-58^复件 复件 static-1;复件 复件 static-1/复件 EE_ECU模块-59^复件 复件 static-1;复件 复件 static-1/复件 EE_ECU模块-60^复件 复件 static-1;复件 复件 static-1/复件 EE_ECU模块-61^复件 复件 static-1;复件 复件 static-1/复件 EE_ECU模块-62^复件 复件 static-1;复件 复件 static-1/复件 EE_ECU模块-63^复件 复件 static-1;复件 复件 static-1/复件 EE_ECU模块-64^复件 复件 static-1;复件 复件 static-1/复件 EE_ECU模块-65^复件 复件 static-1;复件 复件 static-1/复件 EE_ECU模块-66^复件 复件 static-1;复件 复件 static-1/复件 EE_ECU模块-67^复件 复件 static-1;复件 复件 static-1/复件 EE_ECU模块-68^复件 复件 static-1;复件 复件 static-1/复件 EE_ECU模块-69^复件 复件 static-1;复件 复件 static-1/复件 EE_ECU模块-70^复件 复件 static-1;复件 复件 static-1/复件 EE_ECU模块-71^复件 复件 static-1;复件 复件 static-1/复件 EE_ECU模块-72^复件 复件 static-1;复件 复件 static-1/复件 EE_ECU模块-73^复件 复件 static-1;复件 复件 static-1/复件 EE_ECU模块-74^复件 复件 static-1;复件 复件 static-1/复件 EE_ECU模块-75^复件 复件 static-1;复件 复件 static-1/复件 EE_ECU模块-76^复件 复件 static-1;复件 复件 static-1/复件 EE_ECU模块-77^复件 复件 static-1;复件 复件 static-1/复件 EE_ECU模块-78^复件 复件 static-1;复件 复件 static-1/复件 EE_ECU模块-79^复件 复件 static-1;复件 复件 static-1/复件 EE_ECU模块-80^复件 复件 static-1;复件 复件 static-1/复件 EE_ECU模块-81^复件 复件 static-1;复件 复件 static-1/复件 复件 11_60型材加强座^复件 复件 static-1;复件 复件 static-1/复件 复件 11_R1躯干支撑盖板^复件 复件 static-1;复件 复件 static-1/复件 复件 EE_相机D435^复件 复件 static-1;复件 复件 static-1/复件 复件 EE_ULCU板^复件 复件 static-1;复件 复件 static-1/复件 复件 11_相机支架5^复件 复件 static-1;复件 复件 static-1/复件 复件 11_60型材加强座^复件 复件 static-2;复件 复件 static-1/复件 复件 11_R1胸腔支撑转接件1^复件 复件 static-1;复件 复件 static-1/复件 复件 11_R1胸腔支撑转接件2^复件 复件 static-1;复件 复件 static-1/复件 复件 11_R1胸腔支撑转接件2^复件 复件 static-2;复件 复件 static-1/复件 复件 11_AOB02-H6060F-L800^复件 复件 static-1;复件 复件 static-1/复件 复件 11_60型材加强座^复件 复件 static-3;复件 复件 static-1/复件 复件 11_60型材加强座^复件 复件 static-4;复件 复件 static-1/复件 复件 11_60型材加强座^复件 复件 static-5;复件 复件 static-1/复件 复件 11_60型材加强座^复件 复件 static-6;复件 复件 static-1/复件 复件 11_机械臂支撑底座4^复件 复件 static-1;复件 复件 static-1/复件 复件 11_机械臂支撑底座4^复件 复件 static-2;复件 复件 static-1/复件 复件 11_R1胸腔支撑转接件3^复件 复件 static-1;复件 复件 static-1/复件 复件 11_60型材加强座^复件 复件 static-7;复件 复件 static-1/复件 复件 11_R1胸腔支撑转接件4^复件 复件 static-1;复件 复件 static-1/复件 复件 11_ULCU板支架^复件 复件 static-1;复件 复件 static-1/复件 复件 EE_相机^复件 复件 static-1;复件 复件 static-1/复件 复件 EE_ULCU转接板^复件 复件 static-1;复件 复件 static-1/复件 复件 11_60型材加强座^复件 复件 static-8;复件 复件 static-1/复件 复件 11_R1胸腔支撑转接件5^复件 复件 static-1;复件 复件 static-1/复件 复件 11_R1胸腔支撑转接件6^复件 复件 static-1;复件 复件 static-1/复件 复件 EE_工控机^复件 复件 static-1;复件 复件 static-1/复件 复件 11_工控机支架^复件 复件 static-1;复件 复件 static-1/复件 复件 11_R1相机支撑底座1^复件 复件 static-1;复件 复件 static-1/复件 复件 11_R1相机支撑底座2^复件 复件 static-1;复件 复件 static-1/复件 复件 11_R1胸腔支撑转接件7^复件 复件 static-1;复件 复件 static-1/复件 复件 11_相机支架4^复件 复件 static-1;复件 复件 static-1/复件 复件 EE_相机^复件 复件 static-2;复件 复件 static-1/复件 DM 8116 ________.STEP^复件 复件 static-1;复件 复件 static-1/复件 DM 8116 __________.STEP^复件 复件 static-1;复件 复件 static-1/复件 复件 J1电机基座板DAMIAO^复件 复件 static-1;复件 复件 static-1/复件 (2) DM 8116 ________.STEP^复件 复件 static-1;复件 复件 static-1/复件 (2) DM 8116 __________.STEP^复件 复件 static-1;复件 复件 static-1/复件 (2) 复件 J1电机基座板DAMIAO^复件 复件 static-1,origin_global_2,,,,0,0,0,0,0,0,,0,0,0,,,,,,,,,,,,
right_arm_1_Link,0.000482947498702258,0.0665129799867958,-4.39097614289632E-05,0,0,0,0.398803866995265,0.000471963938986112,2.06893994686651E-07,-1.14905994861973E-08,0.000292322022062978,3.84681040793564E-09,0.00029753175071843,0,0,0,0,0,0,package://r1urdfv20/meshes/right_arm_1_Link.STL,0.862745098039216,0.933333333333333,0.929411764705882,1,0,0,0,0,0,0,package://r1urdfv20/meshes/right_arm_1_Link.STL,,rightlink1^r1urdfv20-1/复件 复件 复件 DM 8116 ________.STEP^rightlink1_r1urdfv20-1;rightlink1^r1urdfv20-1/复件 复件 复件 DM 8116 __________.STEP^rightlink1_r1urdfv20-1;rightlink1^r1urdfv20-1/复件 复件 复件 J1电机轴DAMIAO^rightlink1_r1urdfv20-1;rightlink1^r1urdfv20-1/复件 复件 复件 J2背板轴承座DAMIAO8009^rightlink1_r1urdfv20-1;rightlink1^r1urdfv20-1/复件 复件 复件 J2电机座DAMIAO8009^rightlink1_r1urdfv20-1;rightlink1^r1urdfv20-1/复件 复件 复件 J2电机座DAMIAO8009^rightlink1_r1urdfv20-2;rightlink1^r1urdfv20-1/复件 复件 M5x10 Socket Head Screw_91290A224forrightaxis1^rightlink1_r1urdfv20-1;rightlink1^r1urdfv20-1/复件 复件 法兰深沟球F6802ZZforrightaxis1^rightlink1_r1urdfv20-1,Origin_right_arm_1,ra1,right_arm_1,revolute,-0.055,-0.1293,1.375,3.1416,1.5708,0,base_link,0,1,0,40,20.944,-2.9671,2.9671,,,,,,,,
right_arm_2_Link,0.242000100178419,0.0329432147671944,-0.0210911855769896,0,0,0,0.304298191433429,8.21099672038204E-05,-8.01356169800638E-07,7.54332283804966E-06,0.000460903257636709,3.46449438210603E-07,0.000436774574409272,0,0,0,0,0,0,package://r1urdfv20/meshes/right_arm_2_Link.STL,0.862745098039216,0.933333333333333,0.929411764705882,1,0,0,0,0,0,0,package://r1urdfv20/meshes/right_arm_2_Link.STL,,rightlink2^r1urdfv20-1/复件 复件 复件 复件 复件 臂间连接件肘^rightlink2_r1urdfv20-1;rightlink2^r1urdfv20-1/复件 复件 复件 复件 复件 J2电机轴大臂背板DAMIAO8009偏置版本(硬朗风)^rightlink2_r1urdfv20-1;rightlink2^r1urdfv20-1/复件 复件 复件 复件 复件 大臂杆_U盖^rightlink2_r1urdfv20-1;rightlink2^r1urdfv20-1/复件 复件 复件 复件 复件 M5x10 Socket Head Screw_91290A224^rightlink2_r1urdfv20-1;rightlink2^r1urdfv20-1/复件 复件 复件 复件 复件 J2电机轴大臂DAMIAO8009偏置版本(硬朗风)^rightlink2_r1urdfv20-1;rightlink2^r1urdfv20-1/复件 复件 复件 复件 复件 M5x10 Socket Head Screw_91290A224^rightlink2_r1urdfv20-2;rightlink2^r1urdfv20-1/复件 复件 复件 复件 复件 臂间连接件^rightlink2_r1urdfv20-1;rightlink2^r1urdfv20-1/复件 复件 复件 复件 复件 大臂杆_U壳^rightlink2_r1urdfv20-1;rightlink2^r1urdfv20-1/复件 复件 复件 复件 复件 J3电机座DAMIAO^rightlink2_r1urdfv20-1;rightlink2^r1urdfv20-1/复件 复件 复件 复件 复件 M5x10 Socket Head Screw_91290A224^rightlink2_r1urdfv20-3;rightlink2^r1urdfv20-1/复件 复件 复件 复件 复件 J3电机座背板DAMIAO^rightlink2_r1urdfv20-1;rightlink2^r1urdfv20-1/复件 复件 复件 复件 复件 M5x10 Socket Head Screw_91290A224^rightlink2_r1urdfv20-4;rightlink2^r1urdfv20-1/复件 复件 复件 复件 法兰深沟球F6802ZZforrightaxis1^rightlink2_r1urdfv20-1;rightlink2^r1urdfv20-1/复件 复件 复件 M4x8 Socket Head Screw_91290A140^rightlink2_r1urdfv20-1;rightlink2^r1urdfv20-1/复件 复件 复件 复件 DM 4340 3D.STEP^rightlink2_r1urdfv20-1;rightlink2^r1urdfv20-1/复件 复件 复件 复件 4310 ________________ Ver.B.STEP^rightlink2_r1urdfv20-1,Origin_right_arm_2,ra2,right_arm_2,revolute,0.0316,0.0682,0,1.5708,1.5708,0,right_arm_1_Link,0,-1,0,40,20.944,0,3.1416,,,,,,,,
right_arm_3_Link,0.0562887318450117,0.0287031276620311,0.0460109885164526,0,0,0,0.17673381793659,7.11121862208899E-05,7.75554307231406E-08,-1.3313861413664E-05,7.31597322912867E-05,1.56136589502447E-07,7.82758650078634E-05,0,0,0,0,0,0,package://r1urdfv20/meshes/right_arm_3_Link.STL,0.862745098039216,0.933333333333333,0.929411764705882,1,0,0,0,0,0,0,package://r1urdfv20/meshes/right_arm_3_Link.STL,,rightlink3^r1urdfv20-1/复件 复件 复件 复件 复件 J3电机轴DAMIAO4340^rightlink3_r1urdfv20-1;rightlink3^r1urdfv20-1/复件 复件 复件 复件 复件 J3电机轴背板DAMIAO4340^rightlink3_r1urdfv20-1;rightlink3^r1urdfv20-1/复件 复件 复件 复件 复件 J3线扣^rightlink3_r1urdfv20-1;rightlink3^r1urdfv20-1/复件 复件 复件 复件 复件 M3x8 Socket Head Screw_91290A113^rightlink3_r1urdfv20-1;rightlink3^r1urdfv20-1/复件 复件 复件 复件 复件 M3x8 Socket Head Screw_91290A113^rightlink3_r1urdfv20-2;rightlink3^r1urdfv20-1/复件 复件 复件 复件 复件 M3x8 Socket Head Screw_91290A113^rightlink3_r1urdfv20-3;rightlink3^r1urdfv20-1/复件 复件 复件 复件 复件 J4电机座^rightlink3_r1urdfv20-1;rightlink3^r1urdfv20-1/复件 复件 复件 复件 复件 M3x8 Socket Head Screw_91290A113^rightlink3_r1urdfv20-4;rightlink3^r1urdfv20-1/复件 复件 复件 复件 复件 M3x8 Socket Head Screw_91290A113^rightlink3_r1urdfv20-5;rightlink3^r1urdfv20-1/复件 复件 复件 复件 复件 角接触轴承7902^rightlink3_r1urdfv20-1;rightlink3^r1urdfv20-1/复件 复件 复件 复件 复件 4310 ________Ver.B 3D.STEP^rightlink3_r1urdfv20-1;rightlink3^r1urdfv20-1/复件 复件 复件 复件 复件 (2) 4310 ________________ Ver.B.STEP^rightlink3_r1urdfv20-1,Origin_right_arm_3,ra3,right_arm_3,revolute,0.3493,0.0602,-0.02,0,-1.4992,3.1416,right_arm_2_Link,0,1,0,27,7.5398,-3.2289,0,,,,,,,,
right_arm_4_Link,-0.000115885764968349,-0.000953414199622499,0.162502253261696,0,0,0,0.173902313999747,9.66641920947544E-05,-1.14315876051539E-08,2.2086976682201E-08,0.000107424784872974,8.18988678838899E-08,4.3081633581935E-05,0,0,0,0,0,0,package://r1urdfv20/meshes/right_arm_4_Link.STL,0.807843137254902,0.843137254901961,0.905882352941176,1,0,0,0,0,0,0,package://r1urdfv20/meshes/right_arm_4_Link.STL,,rightlink4^r1urdfv20-1/复件 复件 (2) 复件 复件 4310 ________Ver.B 3D.STEP^rightlink4_r1urdfv20-1;rightlink4^r1urdfv20-1/复件 复件 复件 复件 4310 ________________ Ver.B.STEP^rightlink4_r1urdfv20-1;rightlink4^r1urdfv20-1/复件 复件 复件 复件 轴盖^rightlink4_r1urdfv20-1;rightlink4^r1urdfv20-1/复件 复件 复件 复件 M6x20 Socket Head Screw_96144A120^rightlink4_r1urdfv20-1;rightlink4^r1urdfv20-1/复件 复件 复件 复件 J5电机座侧板V2^rightlink4_r1urdfv20-1;rightlink4^r1urdfv20-1/复件 复件 复件 复件 小臂杆_盖^rightlink4_r1urdfv20-1;rightlink4^r1urdfv20-1/复件 复件 复件 复件 M3x8 Socket Head Screw_91290A113^rightlink4_r1urdfv20-1;rightlink4^r1urdfv20-1/复件 复件 复件 复件 M3x8 Socket Head Screw_91290A113^rightlink4_r1urdfv20-2;rightlink4^r1urdfv20-1/复件 复件 复件 复件 M4x8 Socket Head Screw_91290A140^rightlink4_r1urdfv20-1;rightlink4^r1urdfv20-1/复件 复件 复件 复件 角接触轴承7902^rightlink4_r1urdfv20-1;rightlink4^r1urdfv20-1/复件 复件 复件 复件 M3x8 Socket Head Screw_91290A113^rightlink4_r1urdfv20-3;rightlink4^r1urdfv20-1/复件 复件 复件 复件 J4电机轴2^rightlink4_r1urdfv20-1;rightlink4^r1urdfv20-1/复件 复件 复件 复件 M3x8 Socket Head Screw_91290A113^rightlink4_r1urdfv20-4;rightlink4^r1urdfv20-1/复件 复件 复件 复件 M3x8 Socket Head Screw_91290A113^rightlink4_r1urdfv20-5;rightlink4^r1urdfv20-1/复件 复件 复件 复件 小臂杆_U壳^rightlink4_r1urdfv20-1;rightlink4^r1urdfv20-1/复件 复件 复件 复件 J5电机座基板V2^rightlink4_r1urdfv20-1;rightlink4^r1urdfv20-1/复件 复件 复件 复件 M4x8 Socket Head Screw_91290A140^rightlink4_r1urdfv20-2;rightlink4^r1urdfv20-1/复件 复件 复件 复件 M3x8 Socket Head Screw_91290A113^rightlink4_r1urdfv20-6;rightlink4^r1urdfv20-1/复件 复件 复件 复件 M3x8 Socket Head Screw_91290A113^rightlink4_r1urdfv20-7;rightlink4^r1urdfv20-1/复件 复件 复件 复件 M3x8 Socket Head Screw_91290A113^rightlink4_r1urdfv20-8;rightlink4^r1urdfv20-1/复件 复件 复件 复件 M3x8 Socket Head Screw_91290A113^rightlink4_r1urdfv20-9;rightlink4^r1urdfv20-1/复件 复件 复件 复件 M3x8 Socket Head Screw_91290A113^rightlink4_r1urdfv20-10;rightlink4^r1urdfv20-1/复件 复件 复件 J5线扣^rightlink4_r1urdfv20-1,ra4coordinate,ra4,right_arm_4,revolute,0.064765,0.0286,0.075477,-0.071618,0,1.5708,right_arm_3_Link,0,0,-1,7,25.133,-2.9671,2.9671,,,,,,,,
right_arm_5_Link,0.0531831929626253,7.0332425980979E-05,-0.0158335004823851,0,0,0,0.125757652730193,4.74089143783051E-05,-1.14185805509986E-08,-1.35496915402268E-07,3.8455449922191E-05,2.20905766824506E-08,4.01871788113155E-05,0,0,0,0,0,0,package://r1urdfv20/meshes/right_arm_5_Link.STL,0.807843137254902,0.843137254901961,0.905882352941176,1,0,0,0,0,0,0,package://r1urdfv20/meshes/right_arm_5_Link.STL,,rightaxis5-2/复件 复件 4310 ________Ver.B 3D.STEP^rightaxis5-1;rightaxis5-2/复件 复件 4310 ________________ Ver.B.STEP^rightaxis5-1;rightaxis5-2/复件 M3x8 Socket Head Screw_91290A113^rightaxis5-1;rightaxis5-2/复件 M4x8 Socket Head Screw_91290A140^rightaxis5-1;rightaxis5-2/复件 M3x8 Socket Head Screw_91290A113^rightaxis5-2;rightaxis5-2/复件 J5电机轴侧板V2_J6电机座^rightaxis5-1;rightaxis5-2/复件 M3x8 Socket Head Screw_91290A113^rightaxis5-3;rightaxis5-2/复件 M3x8 Socket Head Screw_91290A113^rightaxis5-4;rightaxis5-2/复件 M3x8 Socket Head Screw_91290A113^rightaxis5-5;rightaxis5-2/复件 M4x8 Socket Head Screw_91290A140^rightaxis5-2;rightaxis5-2/复件 M3x8 Socket Head Screw_91290A113^rightaxis5-6;rightaxis5-2/复件 M3x8 Socket Head Screw_91290A113^rightaxis5-7;rightaxis5-2/复件 J5电机轴侧板V2^rightaxis5-1;rightaxis5-2/复件 M3x8 Socket Head Screw_91290A113^rightaxis5-8;rightaxis5-2/复件 M3x8 Socket Head Screw_91290A113^rightaxis5-9,ra5coordinate,ra5,right_arm_5,revolute,0,-0.019,0.203,1.5708,-1.5708,0,right_arm_4_Link,0,0,-1,7,25.133,-1.5708,1.5708,,,,,,,,
right_arm_6_Link,9.00598932584984E-05,-0.0158749347061359,1.57785811366329E-05,0,0,0,0.122512592931009,3.7405042389197E-05,-1.14177312628966E-08,-2.20718306069342E-08,5.19904063396718E-05,-2.26275509948969E-12,3.96317905767279E-05,0,0,0,0,0,0,package://r1urdfv20/meshes/right_arm_6_Link.STL,0.807843137254902,0.843137254901961,0.905882352941176,1,0,0,0,0,0,0,package://r1urdfv20/meshes/right_arm_6_Link.STL,,jointright6-1/复件 4310 ________Ver.B 3D.STEP^jointright6-1;jointright6-1/复件 4310 ________________ Ver.B.STEP^jointright6-1;jointright6-1/复件 滑槽结构_底座^jointright6-1;jointright6-1/复件 M3x8 Socket Head Screw_91290A113^jointright6-1;jointright6-1/复件 滑槽结构_顶板^jointright6-1;jointright6-1/复件 M3x8 Socket Head Screw_91290A113^jointright6-2,Origin_right_arm_6,ra6,right_arm_6,revolute,0.127,0,-0.019,0,0,-1.5708,right_arm_5_Link,0,-1,0,7,25.133,-3.1416,3.1416,,,,,,,,
right_gripper_1_Link,0.0150997682776914,0.0466628666880268,0.00130021742187353,0,0,0,0.020839650594778,5.35925669042557E-06,3.2105081397067E-07,8.41324549886875E-08,1.64858970587413E-06,8.43889751948525E-08,4.71009872198047E-06,0,0,0,0,0,0,package://r1urdfv20/meshes/right_gripper_1_Link.STL,0.807843137254902,0.843137254901961,0.905882352941176,1,0,0,0,0,0,0,package://r1urdfv20/meshes/right_gripper_1_Link.STL,,复件 复件 复件 复件 复件 rightgripper1^r1urdfv20-1/复件 手指指尖^复件 复件 复件 复件 复件 rightgripper1_r1urdfv20-1;复件 复件 复件 复件 复件 rightgripper1^r1urdfv20-1/复件 M3x8 Socket Head Screw_91290A113^复件 复件 复件 复件 复件 rightgripper1_r1urdfv20-1;复件 复件 复件 复件 复件 rightgripper1^r1urdfv20-1/复件 M3x8 Socket Head Screw_91290A113^复件 复件 复件 复件 复件 rightgripper1_r1urdfv20-2;复件 复件 复件 复件 复件 rightgripper1^r1urdfv20-1/复件 滑块^复件 复件 复件 复件 复件 rightgripper1_r1urdfv20-1;复件 复件 复件 复件 复件 rightgripper1^r1urdfv20-1/复件 手指模块^复件 复件 复件 复件 复件 rightgripper1_r1urdfv20-1,Origin_right_arm_6,rightfingerone,right_gripper_1,prismatic,0,0,0,0,0,0,right_arm_6_Link,-1,0,0,200,0.25,-0.01139,0.01861,,,,,,,,
right_gripper_2_Link,-0.0150997631929657,0.0466628666880293,-0.00130022598880983,0,0,0,0.0208396505947778,5.35925668999015E-06,-3.21051770401059E-07,8.41324537238298E-08,1.64858970598469E-06,-8.4389628535297E-08,4.71009872271777E-06,0,0,0,0,0,0,package://r1urdfv20/meshes/right_gripper_2_Link.STL,0.752941176470588,0.752941176470588,0.752941176470588,1,0,0,0,0,0,0,package://r1urdfv20/meshes/right_gripper_2_Link.STL,,复件 复件 复件 复件 复件 rightgripper2^r1urdfv20-1;复件 复件 复件 复件 复件 rightgripper2^r1urdfv20-1/复件 M3x8 Socket Head Screw_91290A113^复件 复件 复件 复件 复件 rightgripper2_r1urdfv20-1;复件 复件 复件 复件 复件 rightgripper2^r1urdfv20-1/复件 手指模块^复件 复件 复件 复件 复件 rightgripper2_r1urdfv20-1;复件 复件 复件 复件 复件 rightgripper2^r1urdfv20-1/复件 滑块^复件 复件 复件 复件 复件 rightgripper2_r1urdfv20-1;复件 复件 复件 复件 复件 rightgripper2^r1urdfv20-1/复件 M3x8 Socket Head Screw_91290A113^复件 复件 复件 复件 复件 rightgripper2_r1urdfv20-2;复件 复件 复件 复件 复件 rightgripper2^r1urdfv20-1/复件 手指指尖^复件 复件 复件 复件 复件 rightgripper2_r1urdfv20-1,Origin_right_arm_6,rightfingerone,right_gripper_2,prismatic,0,0,0,0,0,0,right_arm_6_Link,-1,0,0,200,0.25,-0.01139,0.01861,,,,,,,,
left_arm_1_Link,0.00048294749870248,-0.0665129799867958,4.39097614289286E-05,0,0,0,0.398803866995265,0.000471963938986112,-2.06893994686736E-07,1.14905994862357E-08,0.000292322022062978,3.8468104080065E-09,0.00029753175071843,0,0,0,0,0,0,package://r1urdfv20/meshes/left_arm_1_Link.STL,0.862745098039216,0.933333333333333,0.929411764705882,1,0,0,0,0,0,0,package://r1urdfv20/meshes/left_arm_1_Link.STL,,leftlink1^r1urdfv20-1/复件 复件 复件 DM 8116 ________.STEP^leftlink1_r1urdfv20-1;leftlink1^r1urdfv20-1/复件 复件 复件 DM 8116 __________.STEP^leftlink1_r1urdfv20-1;leftlink1^r1urdfv20-1/复件 复件 复件 J1电机轴DAMIAO^leftlink1_r1urdfv20-1;leftlink1^r1urdfv20-1/复件 复件 复件 J2背板轴承座DAMIAO8009^leftlink1_r1urdfv20-1;leftlink1^r1urdfv20-1/复件 复件 复件 J2电机座DAMIAO8009^leftlink1_r1urdfv20-1;leftlink1^r1urdfv20-1/复件 复件 复件 J2电机座DAMIAO8009^leftlink1_r1urdfv20-2;leftlink1^r1urdfv20-1/复件 复件 M5x10 Socket Head Screw_91290A224forrightaxis1^leftlink1_r1urdfv20-1;leftlink1^r1urdfv20-1/复件 复件 法兰深沟球F6802ZZforrightaxis1^leftlink1_r1urdfv20-1,Origin_left_arm_1,la1,left_arm_1,revolute,-0.055,0.1293,1.375,0,-1.5708,0,base_link,0,-1,0,40,20.944,-2.9671,2.9671,,,,,,,,
left_arm_2_Link,0.242,0.032943,-0.021091,0,0,0,0.3043,8.211E-05,-8.0136E-07,7.5433E-06,0.0004609,3.4645E-07,0.00043677,0,0,0,0,0,0,package://r1urdfv20/meshes/left_arm_2_Link.STL,0.86275,0.93333,0.92941,1,0,0,0,0,0,0,package://r1urdfv20/meshes/left_arm_2_Link.STL,,leftlink2^r1urdfv20-1/复件 复件 复件 复件 复件 臂间连接件肘^leftlink2_r1urdfv20-1;leftlink2^r1urdfv20-1/复件 复件 复件 复件 复件 J2电机轴大臂背板DAMIAO8009偏置版本(硬朗风)^leftlink2_r1urdfv20-1;leftlink2^r1urdfv20-1/复件 复件 复件 复件 复件 大臂杆_U盖^leftlink2_r1urdfv20-1;leftlink2^r1urdfv20-1/复件 复件 复件 复件 复件 M5x10 Socket Head Screw_91290A224^leftlink2_r1urdfv20-1;leftlink2^r1urdfv20-1/复件 复件 复件 复件 复件 J2电机轴大臂DAMIAO8009偏置版本(硬朗风)^leftlink2_r1urdfv20-1;leftlink2^r1urdfv20-1/复件 复件 复件 复件 复件 M5x10 Socket Head Screw_91290A224^leftlink2_r1urdfv20-2;leftlink2^r1urdfv20-1/复件 复件 复件 复件 复件 臂间连接件^leftlink2_r1urdfv20-1;leftlink2^r1urdfv20-1/复件 复件 复件 复件 复件 大臂杆_U壳^leftlink2_r1urdfv20-1;leftlink2^r1urdfv20-1/复件 复件 复件 复件 复件 J3电机座DAMIAO^leftlink2_r1urdfv20-1;leftlink2^r1urdfv20-1/复件 复件 复件 复件 复件 M5x10 Socket Head Screw_91290A224^leftlink2_r1urdfv20-3;leftlink2^r1urdfv20-1/复件 复件 复件 复件 复件 J3电机座背板DAMIAO^leftlink2_r1urdfv20-1;leftlink2^r1urdfv20-1/复件 复件 复件 复件 复件 M5x10 Socket Head Screw_91290A224^leftlink2_r1urdfv20-4;leftlink2^r1urdfv20-1/复件 复件 复件 复件 法兰深沟球F6802ZZforrightaxis1^leftlink2_r1urdfv20-1;leftlink2^r1urdfv20-1/复件 复件 复件 M4x8 Socket Head Screw_91290A140^leftlink2_r1urdfv20-1;leftlink2^r1urdfv20-1/复件 复件 复件 复件 DM 4340 3D.STEP^leftlink2_r1urdfv20-1;leftlink2^r1urdfv20-1/复件 复件 复件 复件 4310 ________________ Ver.B.STEP^leftlink2_r1urdfv20-1,Origin_left_arm_2,la2,left_arm_2,revolute,0.0316000000000001,-0.0682,0,1.5707963267949,-1.5707963267949,0,left_arm_1_Link,0,-1,0,40,20.944,0,3.1416,,,,,,,,
left_arm_3_Link,0.0562887288413909,0.0287031283243724,0.0460109773669689,0,0,0,0.176733757984667,7.11121626998125E-05,7.75495141697147E-08,-1.33138486154967E-05,7.31596982899093E-05,1.56134222469076E-07,7.8275847355051E-05,0,0,0,0,0,0,package://r1urdfv20/meshes/left_arm_3_Link.STL,0.862745098039216,0.933333333333333,0.929411764705882,1,0,0,0,0,0,0,package://r1urdfv20/meshes/left_arm_3_Link.STL,,leftlink3^r1urdfv20-1/复件 复件 复件 复件 复件 J3电机轴DAMIAO4340^leftlink3_r1urdfv20-1;leftlink3^r1urdfv20-1/复件 复件 复件 复件 复件 J3电机轴背板DAMIAO4340^leftlink3_r1urdfv20-1;leftlink3^r1urdfv20-1/复件 复件 复件 复件 复件 J3线扣^leftlink3_r1urdfv20-1;leftlink3^r1urdfv20-1/复件 复件 复件 复件 复件 M3x8 Socket Head Screw_91290A113^leftlink3_r1urdfv20-1;leftlink3^r1urdfv20-1/复件 复件 复件 复件 复件 M3x8 Socket Head Screw_91290A113^leftlink3_r1urdfv20-2;leftlink3^r1urdfv20-1/复件 复件 复件 复件 复件 M3x8 Socket Head Screw_91290A113^leftlink3_r1urdfv20-3;leftlink3^r1urdfv20-1/复件 复件 复件 复件 复件 J4电机座^leftlink3_r1urdfv20-1;leftlink3^r1urdfv20-1/复件 复件 复件 复件 复件 M3x8 Socket Head Screw_91290A113^leftlink3_r1urdfv20-4;leftlink3^r1urdfv20-1/复件 复件 复件 复件 复件 M3x8 Socket Head Screw_91290A113^leftlink3_r1urdfv20-5;leftlink3^r1urdfv20-1/复件 复件 复件 复件 复件 角接触轴承7902^leftlink3_r1urdfv20-1;leftlink3^r1urdfv20-1/复件 复件 复件 复件 复件 复件 4310 ________Ver.B 3D.STEP^leftlink3_r1urdfv20-1;leftlink3^r1urdfv20-1/复件 复件 复件 复件 复件 复件 4310 ________________ Ver.B.STEP^leftlink3_r1urdfv20-1,Origin_left_arm_3,la3,left_arm_3,revolute,0.3493,0.0602,-0.02,0,-1.4992,3.1416,left_arm_2_Link,0,1,0,27,7.5398,-3.2289,0,,,,,,,,
left_arm_4_Link,0.000115885764967683,0.000953414199622388,0.172502253261698,0,0,0,0.173902313999744,9.66641920947531E-05,-1.143158760517E-08,-2.20869766822127E-08,0.000107424784872973,-8.18988678840049E-08,4.30816335819349E-05,0,0,0,0,0,0,package://r1urdfv20/meshes/left_arm_4_Link.STL,0.807843137254902,0.843137254901961,0.905882352941176,1,0,0,0,0,0,0,package://r1urdfv20/meshes/left_arm_4_Link.STL,,leftlink4^r1urdfv20-1/复件 复件 复件 复件 4310 ________Ver.B 3D.STEP^leftlink4_r1urdfv20-1;leftlink4^r1urdfv20-1/复件 复件 复件 复件 4310 ________________ Ver.B.STEP^leftlink4_r1urdfv20-1;leftlink4^r1urdfv20-1/复件 复件 复件 复件 轴盖^leftlink4_r1urdfv20-1;leftlink4^r1urdfv20-1/复件 复件 复件 复件 M6x20 Socket Head Screw_96144A120^leftlink4_r1urdfv20-1;leftlink4^r1urdfv20-1/复件 复件 复件 复件 J5电机座侧板V2^leftlink4_r1urdfv20-1;leftlink4^r1urdfv20-1/复件 复件 复件 复件 小臂杆_盖^leftlink4_r1urdfv20-1;leftlink4^r1urdfv20-1/复件 复件 复件 复件 M3x8 Socket Head Screw_91290A113^leftlink4_r1urdfv20-1;leftlink4^r1urdfv20-1/复件 复件 复件 复件 M3x8 Socket Head Screw_91290A113^leftlink4_r1urdfv20-2;leftlink4^r1urdfv20-1/复件 复件 复件 复件 M4x8 Socket Head Screw_91290A140^leftlink4_r1urdfv20-1;leftlink4^r1urdfv20-1/复件 复件 复件 复件 角接触轴承7902^leftlink4_r1urdfv20-1;leftlink4^r1urdfv20-1/复件 复件 复件 复件 M3x8 Socket Head Screw_91290A113^leftlink4_r1urdfv20-3;leftlink4^r1urdfv20-1/复件 复件 复件 复件 J4电机轴2^leftlink4_r1urdfv20-1;leftlink4^r1urdfv20-1/复件 复件 复件 复件 M3x8 Socket Head Screw_91290A113^leftlink4_r1urdfv20-4;leftlink4^r1urdfv20-1/复件 复件 复件 复件 M3x8 Socket Head Screw_91290A113^leftlink4_r1urdfv20-5;leftlink4^r1urdfv20-1/复件 复件 复件 复件 小臂杆_U壳^leftlink4_r1urdfv20-1;leftlink4^r1urdfv20-1/复件 复件 复件 复件 J5电机座基板V2^leftlink4_r1urdfv20-1;leftlink4^r1urdfv20-1/复件 复件 复件 复件 M4x8 Socket Head Screw_91290A140^leftlink4_r1urdfv20-2;leftlink4^r1urdfv20-1/复件 复件 复件 复件 M3x8 Socket Head Screw_91290A113^leftlink4_r1urdfv20-6;leftlink4^r1urdfv20-1/复件 复件 复件 复件 M3x8 Socket Head Screw_91290A113^leftlink4_r1urdfv20-7;leftlink4^r1urdfv20-1/复件 复件 复件 复件 M3x8 Socket Head Screw_91290A113^leftlink4_r1urdfv20-8;leftlink4^r1urdfv20-1/复件 复件 复件 复件 M3x8 Socket Head Screw_91290A113^leftlink4_r1urdfv20-9;leftlink4^r1urdfv20-1/复件 复件 复件 复件 M3x8 Socket Head Screw_91290A113^leftlink4_r1urdfv20-10;leftlink4^r1urdfv20-1/复件 复件 复件 J5线扣^leftlink4_r1urdfv20-1,la4coordinate,la4,left_arm_4,revolute,0.0654807437107414,0.0285999999999991,0.0655022254905157,0.0716177566691392,0,-1.5707963267949,left_arm_3_Link,0,0,-1,7,25.133,-2.9671,2.9671,,,,,,,,
left_arm_5_Link,0.0531831929568978,7.0332423133479E-05,-0.0158335004772369,0,0,0,0.12575765276199,4.74089143828551E-05,-1.14185723820991E-08,-1.35496912625004E-07,3.84554499380275E-05,2.20905751576645E-08,4.01871788307906E-05,0,0,0,0,0,0,package://r1urdfv20/meshes/left_arm_5_Link.STL,0.807843137254902,0.843137254901961,0.905882352941176,1,0,0,0,0,0,0,package://r1urdfv20/meshes/left_arm_5_Link.STL,,leftlink5-1/复件 复件 4310 ________Ver.B 3D.STEP^leftlink5-1;leftlink5-1/复件 复件 4310 ________________ Ver.B.STEP^leftlink5-1;leftlink5-1/复件 M3x8 Socket Head Screw_91290A113^leftlink5-1;leftlink5-1/复件 M4x8 Socket Head Screw_91290A140^leftlink5-1;leftlink5-1/复件 M3x8 Socket Head Screw_91290A113^leftlink5-2;leftlink5-1/复件 J5电机轴侧板V2_J6电机座^leftlink5-1;leftlink5-1/复件 M3x8 Socket Head Screw_91290A113^leftlink5-3;leftlink5-1/复件 M3x8 Socket Head Screw_91290A113^leftlink5-4;leftlink5-1/复件 M3x8 Socket Head Screw_91290A113^leftlink5-5;leftlink5-1/复件 M4x8 Socket Head Screw_91290A140^leftlink5-2;leftlink5-1/复件 M3x8 Socket Head Screw_91290A113^leftlink5-6;leftlink5-1/复件 M3x8 Socket Head Screw_91290A113^leftlink5-7;leftlink5-1/复件 J5电机轴侧板V2^leftlink5-1;leftlink5-1/复件 M3x8 Socket Head Screw_91290A113^leftlink5-8;leftlink5-1/复件 M3x8 Socket Head Screw_91290A113^leftlink5-9,la5coordinate,la5,left_arm_5,revolute,0,0.019,0.213,1.5708,-1.5708,3.1416,left_arm_4_Link,0,0,1,7,25.133,-1.5708,1.5708,,,,,,,,
left_arm_6_Link,9.00598932582763E-05,0.0158749347061357,-1.57785811364941E-05,0,0,0,0.122512592931009,3.74050423891972E-05,1.14177312629101E-08,2.20718306069366E-08,5.19904063396721E-05,-2.26275510740762E-12,3.9631790576728E-05,0,0,0,0,0,0,package://r1urdfv20/meshes/left_arm_6_Link.STL,0.807843137254902,0.843137254901961,0.905882352941176,1,0,0,0,0,0,0,package://r1urdfv20/meshes/left_arm_6_Link.STL,,leftlink6-1/复件 复件 4310 ________Ver.B 3D.STEP^leftlink6-1;leftlink6-1/复件 复件 4310 ________________ Ver.B.STEP^leftlink6-1;leftlink6-1/复件 滑槽结构_底座^leftlink6-1;leftlink6-1/复件 M3x8 Socket Head Screw_91290A113^leftlink6-1;leftlink6-1/复件 滑槽结构_顶板^leftlink6-1;leftlink6-1/复件 M3x8 Socket Head Screw_91290A113^leftlink6-2,Origin_left_arm_6,la6,left_arm_6,revolute,0.127,0,-0.019,-3.1416,0,-1.5708,left_arm_5_Link,0,1,0,7,25.133,-1.5708,1.5708,,,,,,,,
left_gripper_1_Link,0.0150997682776919,-0.0466628666880271,-0.00130021742187339,0,0,0,0.0208396505947783,5.3592566904257E-06,-3.21050813970676E-07,-8.41324549886873E-08,1.64858970587415E-06,8.43889751949089E-08,4.71009872198059E-06,0,0,0,0,0,0,package://r1urdfv20/meshes/left_gripper_1_Link.STL,0.807843137254902,0.843137254901961,0.905882352941176,1,0,0,0,0,0,0,package://r1urdfv20/meshes/left_gripper_1_Link.STL,,复件 复件 复件 复件 (2) 复件 rightgripper1^r1urdfv20-1/复件 手指指尖^复件 复件 复件 复件 (2) 复件 rightgripper1_r1urdfv20-1;复件 复件 复件 复件 (2) 复件 rightgripper1^r1urdfv20-1/复件 M3x8 Socket Head Screw_91290A113^复件 复件 复件 复件 (2) 复件 rightgripper1_r1urdfv20-1;复件 复件 复件 复件 (2) 复件 rightgripper1^r1urdfv20-1/复件 M3x8 Socket Head Screw_91290A113^复件 复件 复件 复件 (2) 复件 rightgripper1_r1urdfv20-2;复件 复件 复件 复件 (2) 复件 rightgripper1^r1urdfv20-1/复件 滑块^复件 复件 复件 复件 (2) 复件 rightgripper1_r1urdfv20-1;复件 复件 复件 复件 (2) 复件 rightgripper1^r1urdfv20-1/复件 手指模块^复件 复件 复件 复件 (2) 复件 rightgripper1_r1urdfv20-1,Origin_left_arm_6,leftfingerone,left_gripper_1,prismatic,0,0,0,0,0,0,left_arm_6_Link,-1,0,0,200,0.25,-0.01139,0.01861,,,,,,,,
left_gripper_2_Link,-0.0150997631929655,-0.0466628666880293,0.00130022598880963,0,0,0,0.0208396505947778,5.3592566899901E-06,3.21051770401052E-07,-8.41324537238321E-08,1.64858970598469E-06,-8.43896285353483E-08,4.71009872271771E-06,0,0,0,0,0,0,package://r1urdfv20/meshes/left_gripper_2_Link.STL,0.717647058823529,0.807843137254902,0.764705882352941,1,0,0,0,0,0,0,package://r1urdfv20/meshes/left_gripper_2_Link.STL,,复件 复件 复件 复件 (2) 复件 rightgripper2^r1urdfv20-1/复件 M3x8 Socket Head Screw_91290A113^复件 复件 复件 复件 (2) 复件 rightgripper2_r1urdfv20-1;复件 复件 复件 复件 (2) 复件 rightgripper2^r1urdfv20-1/复件 手指模块^复件 复件 复件 复件 (2) 复件 rightgripper2_r1urdfv20-1;复件 复件 复件 复件 (2) 复件 rightgripper2^r1urdfv20-1/复件 滑块^复件 复件 复件 复件 (2) 复件 rightgripper2_r1urdfv20-1;复件 复件 复件 复件 (2) 复件 rightgripper2^r1urdfv20-1/复件 M3x8 Socket Head Screw_91290A113^复件 复件 复件 复件 (2) 复件 rightgripper2_r1urdfv20-2;复件 复件 复件 复件 (2) 复件 rightgripper2^r1urdfv20-1/复件 手指指尖^复件 复件 复件 复件 (2) 复件 rightgripper2_r1urdfv20-1,Origin_left_arm_6,leftfingerone,left_gripper_2,prismatic,0,0,0,0,0,0,left_arm_6_Link,-1,0,0,200,0.25,-0.01139,0.01861,,,,,,,,
front_right_turn_Link,-0.012413636735135,0.0326994616911081,-0.0464166842047596,0,0,0,0.166745489430199,7.31594186809433E-05,3.78194658444154E-06,3.79169601335577E-06,9.36430482470364E-05,-4.35217163122222E-07,0.000114020265357597,0,0,0,0,0,0,package://r1urdfv20/meshes/front_right_turn_Link.STL,1,1,1,1,0,0,0,0,0,0,package://r1urdfv20/meshes/front_right_turn_Link.STL,,"复件 复件 复件 装配体6^r1urdfv20-1/复件 PP_避震器活塞杆^复件 复件 复件 装配体6_r1urdfv20-1;复件 复件 复件 装配体6^r1urdfv20-1/复件 PP_避震器-2^复件 复件 复件 装配体6_r1urdfv20-1;复件 复件 复件 装配体6^r1urdfv20-1/复件 11_R1电机支撑横板1^复件 复件 复件 装配体6_r1urdfv20-1;复件 复件 复件 装配体6^r1urdfv20-1/复件 11_R1电机支撑竖板1^复件 复件 复件 装配体6_r1urdfv20-1;复件 复件 复件 装配体6^r1urdfv20-1/复件 SP_塞打螺钉6X20^复件 复件 复件 装配体6_r1urdfv20-1;复件 复件 复件 装配体6^r1urdfv20-1/复件 SP_塞打螺钉6X20^复件 复件 复件 装配体6_r1urdfv20-2;复件 复件 复件 装配体6^r1urdfv20-1/复件 SP-自锁螺母M5^复件 复件 复件 装配体6_r1urdfv20-1;复件 复件 复件 装配体6^r1urdfv20-1/复件 11_R1电机安装底座1^复件 复件 复件 装配体6_r1urdfv20-1;复件 复件 复件 装配体6^r1urdfv20-1/复件 11_R1电机固定盖板1^复件 复件 复件 装配体6_r1urdfv20-1;复件 复件 复件 装配体6^r1urdfv20-1/复件 PP_铜套_0610^复件 复件 复件 装配体6_r1urdfv20-1;复件 复件 复件 装配体6^r1urdfv20-1/复件 PP_铜套_0610^复件 复件 复件 装配体6_r1urdfv20-2;复件 复件 复件 装配体6^r1urdfv20-1/复件 11_R1电机支撑竖板2^复件 复件 复件 装配体6_r1urdfv20-1;复件 复件 复件 装配体6^r1urdfv20-1/复件 PP_铜套_0812^复件 复件 复件 装配体6_r1urdfv20-1;复件 复件 复件 装配体6^r1urdfv20-1/复件 PP_铜套_0812^复件 复件 复件 装配体6_r1urdfv20-2;复件 复件 复件 装配体6^r1urdfv20-1/复件 SP_塞打螺钉8X25^复件 复件 复件 装配体6_r1urdfv20-1;复件 复件 复件 装配体6^r1urdfv20-1/复件 SP_GB-T97_1-2002,M5^复件 复件 复件 装配体6_r1urdfv20-1;复件 复件 复件 装配体6^r1urdfv20-1/复件 11_R1电机限位板1^复件 复件 复件 装配体6_r1urdfv20-1",frontrightturncoordinate,frontrightturn2,front_right_turn,revolute,0.134,-0.19,0.093,0,0,0,base_link,0,0,-1,30,3.1416,-1.5708,1.5708,,,,,,,,
front_right_wheel_Link,-0.0126461681347569,4.10299022396421E-08,1.27331540117348E-07,0,0,0,0.501279389187157,0.00112603278383341,-7.07501374928763E-12,-5.02403287669185E-10,0.000608659879130589,4.38528064884448E-10,0.000608638107985703,0,0,0,0,0,0,package://r1urdfv20/meshes/front_right_wheel_Link.STL,0.592156862745098,0.666666666666667,0.682352941176471,1,0,0,0,0,0,0,package://r1urdfv20/meshes/front_right_wheel_Link.STL,,复件 复件 复件 EE_中菱5.5寸电机_stp^r1urdfv20-1,Origin_front_right_wheel,frontrightwheel2,front_right_wheel,continuous,0.00093535,0.01445,-0.098784,1.6618,0,1.5708,front_right_turn_Link,-1,0,0,31416,1,-31416,31416,,,,,,,,
rear_turn_Link,0.0105018417259877,-0.0333911478007156,-0.0457481164808251,0,0,0,0.169293728333091,7.58871032958393E-05,5.05302357347852E-06,-3.78027553364282E-06,9.67392043251605E-05,4.7273967277236E-07,0.000119801486565964,0,0,0,0,0,0,package://r1urdfv20/meshes/rear_turn_Link.STL,1,1,1,1,0,0,0,0,0,0,package://r1urdfv20/meshes/rear_turn_Link.STL,,"复件 复件 复件 装配体4^r1urdfv20-1/复件 PP_避震器活塞杆^复件 复件 复件 装配体4_r1urdfv20-1;复件 复件 复件 装配体4^r1urdfv20-1/复件 PP_避震器-2^复件 复件 复件 装配体4_r1urdfv20-1;复件 复件 复件 装配体4^r1urdfv20-1/复件 11_R1电机支撑横板3^复件 复件 复件 装配体4_r1urdfv20-1;复件 复件 复件 装配体4^r1urdfv20-1/复件 11_R1电机支撑竖板1^复件 复件 复件 装配体4_r1urdfv20-1;复件 复件 复件 装配体4^r1urdfv20-1/复件 SP_塞打螺钉6X20^复件 复件 复件 装配体4_r1urdfv20-1;复件 复件 复件 装配体4^r1urdfv20-1/复件 SP_塞打螺钉6X20^复件 复件 复件 装配体4_r1urdfv20-2;复件 复件 复件 装配体4^r1urdfv20-1/复件 SP-自锁螺母M5^复件 复件 复件 装配体4_r1urdfv20-1;复件 复件 复件 装配体4^r1urdfv20-1/复件 11_R1电机安装底座1^复件 复件 复件 装配体4_r1urdfv20-1;复件 复件 复件 装配体4^r1urdfv20-1/复件 11_R1电机固定盖板1^复件 复件 复件 装配体4_r1urdfv20-1;复件 复件 复件 装配体4^r1urdfv20-1/复件 PP_铜套_0610^复件 复件 复件 装配体4_r1urdfv20-1;复件 复件 复件 装配体4^r1urdfv20-1/复件 PP_铜套_0610^复件 复件 复件 装配体4_r1urdfv20-2;复件 复件 复件 装配体4^r1urdfv20-1/复件 11_R1电机支撑竖板2^复件 复件 复件 装配体4_r1urdfv20-1;复件 复件 复件 装配体4^r1urdfv20-1/复件 PP_铜套_0812^复件 复件 复件 装配体4_r1urdfv20-1;复件 复件 复件 装配体4^r1urdfv20-1/复件 PP_铜套_0812^复件 复件 复件 装配体4_r1urdfv20-2;复件 复件 复件 装配体4^r1urdfv20-1/复件 SP_塞打螺钉8X25^复件 复件 复件 装配体4_r1urdfv20-1;复件 复件 复件 装配体4^r1urdfv20-1/复件 SP_GB-T97_1-2002,M5^复件 复件 复件 装配体4_r1urdfv20-1;复件 复件 复件 装配体4^r1urdfv20-1/复件 11_R1电机限位板1^复件 复件 复件 装配体4_r1urdfv20-1",rearturncoordinate,rearturn2,rear_turn,revolute,-0.145,0,0.093,0,0,0,base_link,0,0,-1,30,3.1416,-1.5708,1.5708,,,,,,,,
rear_wheel_Link,-0.0126461681348182,4.10299060577685E-08,1.27331550414667E-07,0,0,0,0.501279389185714,0.00112603278383339,-7.07503229297317E-12,-5.02403339164335E-10,0.000608659879130426,4.38528072473863E-10,0.000608638107985549,0,0,0,0,0,0,package://r1urdfv20/meshes/rear_wheel_Link.STL,0.592156862745098,0.666666666666667,0.682352941176471,1,0,0,0,0,0,0,package://r1urdfv20/meshes/rear_wheel_Link.STL,,复件 复件 复件 (2) EE_中菱5.5寸电机_stp^r1urdfv20-1,Origin_rear_wheel,rearwheel2,rear_wheel,continuous,-0.000935345149793987,-0.01445,-0.098783988279823,1.66178856889433,0,-1.5707963267949,rear_turn_Link,-1,0,0,31416,1,-31416,31416,,,,,,,,
front_left_turn_Link,-0.01238997113958,-0.0327476270254852,-0.0463771568019292,0,0,0,0.166893938282297,7.32170917567451E-05,-3.80975120431348E-06,3.79147221898454E-06,9.36478097646021E-05,-4.42780702021874E-07,0.000114081615622234,0,0,0,0,0,0,package://r1urdfv20/meshes/front_left_turn_Link.STL,1,1,1,1,0,0,0,0,0,0,package://r1urdfv20/meshes/front_left_turn_Link.STL,,"复件 复件 复件 装配体2^r1urdfv20-1/复件 PP_避震器活塞杆^复件 复件 复件 装配体2_r1urdfv20-1;复件 复件 复件 装配体2^r1urdfv20-1/复件 PP_避震器-2^复件 复件 复件 装配体2_r1urdfv20-1;复件 复件 复件 装配体2^r1urdfv20-1/复件 11_R1电机支撑横板2^复件 复件 复件 装配体2_r1urdfv20-1;复件 复件 复件 装配体2^r1urdfv20-1/复件 11_R1电机支撑竖板1^复件 复件 复件 装配体2_r1urdfv20-1;复件 复件 复件 装配体2^r1urdfv20-1/复件 SP_塞打螺钉6X25^复件 复件 复件 装配体2_r1urdfv20-1;复件 复件 复件 装配体2^r1urdfv20-1/复件 SP_塞打螺钉6X20^复件 复件 复件 装配体2_r1urdfv20-1;复件 复件 复件 装配体2^r1urdfv20-1/复件 SP-自锁螺母M5^复件 复件 复件 装配体2_r1urdfv20-1;复件 复件 复件 装配体2^r1urdfv20-1/复件 PP_铜套_0812^复件 复件 复件 装配体2_r1urdfv20-1;复件 复件 复件 装配体2^r1urdfv20-1/复件 11_R1电机安装底座2^复件 复件 复件 装配体2_r1urdfv20-1;复件 复件 复件 装配体2^r1urdfv20-1/复件 11_R1电机固定盖板1^复件 复件 复件 装配体2_r1urdfv20-1;复件 复件 复件 装配体2^r1urdfv20-1/复件 PP_铜套_0610^复件 复件 复件 装配体2_r1urdfv20-1;复件 复件 复件 装配体2^r1urdfv20-1/复件 PP_铜套_0610^复件 复件 复件 装配体2_r1urdfv20-2;复件 复件 复件 装配体2^r1urdfv20-1/复件 11_R1电机支撑竖板2^复件 复件 复件 装配体2_r1urdfv20-1;复件 复件 复件 装配体2^r1urdfv20-1/复件 PP_铜套_0812^复件 复件 复件 装配体2_r1urdfv20-2;复件 复件 复件 装配体2^r1urdfv20-1/复件 SP_塞打螺钉8X25^复件 复件 复件 装配体2_r1urdfv20-1;复件 复件 复件 装配体2^r1urdfv20-1/复件 SP_GB-T97_1-2002,M5^复件 复件 复件 装配体2_r1urdfv20-1;复件 复件 复件 装配体2^r1urdfv20-1/复件 11_R1电机限位板1^复件 复件 复件 装配体2_r1urdfv20-1",frontleftturncoordinate,frontleftturn2,front_left_turn,revolute,0.134,0.19,0.093,0,0,0,base_link,0,0,-1,30,3.1416,-1.5708,1.5708,,,,,,,,
front_left_wheel_Link,-0.0126461681335348,4.10300547478565E-08,1.27331313132251E-07,0,0,0,0.501279389216152,0.00112603329167931,-7.07575552584084E-12,-5.02402181458734E-10,0.000608664366974582,1.9225740137074E-09,0.00060863421006751,0,0,0,0,0,0,package://r1urdfv20/meshes/front_left_wheel_Link.STL,0.592156862745098,0.666666666666667,0.682352941176471,1,0,0,0,0,0,0,package://r1urdfv20/meshes/front_left_wheel_Link.STL,,复件 复件 复件 (3) EE_中菱5.5寸电机_stp^r1urdfv20-1,Origin_front_left_wheel,frontleftwheel2,front_left_wheel,continuous,0.000935345149794042,-0.01445,-0.098783988279823,1.46053973194118,0,-1.57079632679489,front_left_turn_Link,-1,0,0,31416,1,-31416,31416,,,,,,,,
realsensecamera_link,0,0,0,0,0,0,0,0,0,0,0,0,0,0,0,0,0,0,0,package://r1urdfv20/meshes/realsensecamera_link.STL,1,1,1,1,0,0,0,0,0,0,package://r1urdfv20/meshes/realsensecamera_link.STL,,复件 复件 static-1/复件 复件 EE_相机D435^复件 复件 static-1,Origin_realsensecamera_joint,,realsensecamera_joint,fixed,-0.053794,0,1.4848,2.0071,0,1.5708,base_link,0,0,0,,,,,,,,,,,,
